engine,requestedBodies,tMs,bodies,awakeBodies,renderFps,simFps,simCapacityFps,physicsStepMs,physicsCapacityFps,renderSyncMs,syncMs,renderMs,snapshotCopyMs,snapshotBytes,snapshotMB,threadsEnabled,resetWallMs,firstStepWallMs,stepCount
"box3d",1000000,252,1000005,1000000,114.89557270039076,0.10386405441614675,0.10421611504281013,9595.444999933243,0.10421611504281013,28.259999990463257,37.325000047683716,0.22499990463256836,6,56000280,53.406028747558594,false,1943,9436,1
"box3d",1000000,506,1000005,1000000,120.04641794216504,0.10386405441614675,0.10421611504281013,9595.444999933243,0.10421611504281013,28.259999990463257,37.325000047683716,0.2250000238418579,6,56000280,53.406028747558594,false,1943,9436,1
"box3d",1000000,759,1000005,1000000,119.94082919017032,0.10386405441614675,0.10421611504281013,9595.444999933243,0.10421611504281013,28.259999990463257,37.325000047683716,0.2250000238418579,6,56000280,53.406028747558594,false,1943,9436,1
"box3d",1000000,1012,1000005,1000000,119.9072717220658,0.10386405441614675,0.10421611504281013,9595.444999933243,0.10421611504281013,28.259999990463257,37.325000047683716,0.29499995708465576,6,56000280,53.406028747558594,false,1943,9436,1
"rapier",1000000,254,1000005,1000000,116.14326917921927,0.6469225892549448,0.9347760043208028,1069.7749999761581,0.9347760043208028,415.06000006198883,32.25999999046326,0.26499998569488525,4.979999899864197,56000280,53.406028747558594,false,3721,1853,1
"rapier",1000000,507,1000005,1000000,119.98240257866661,0.6469225892549448,0.9347760043208028,1069.7749999761581,0.9347760043208028,415.06000006198883,32.25999999046326,0.23500001430511475,4.979999899864197,56000280,53.406028747558594,false,3721,1853,1
"rapier",1000000,759,1000005,1000000,119.99920000609629,0.6469225892549448,0.9347760043208028,1069.7749999761581,0.9347760043208028,415.06000006198883,32.25999999046326,0.30000007152557373,4.979999899864197,56000280,53.406028747558594,false,3721,1853,1
"rapier",1000000,1012,1000005,1000000,120.02560545715575,0.6469225892549448,0.9347760043208028,1069.7749999761581,0.9347760043208028,415.06000006198883,32.25999999046326,0.2049999237060547,4.979999899864197,56000280,53.406028747558594,false,3721,1853,1
